<Ui xsi:schemaLocation="http://www.blizzard.com/wow/ui/ ..\FrameXML\UI.xsd">
  <Script file="Libs\LibStub\LibStub.lua"/>
  <Include file="Libs\CallbackHandler-1.0\CallbackHandler-1.0.xml"/>
  <Include file="Libs\LibDataBroker-1.1\LibDataBroker-1.1.lua"/>
  <Include file="Libs\AceAddon-3.0\AceAddon-3.0.xml"/>
  <Include file="Libs\AceGUI-3.0\AceGUI-3.0.xml"/>
  <Include file="Libs\AceConsole-3.0\AceConsole-3.0.xml"/>
  <Include file="Libs\AceConfig-3.0\AceConfig-3.0.xml"/>
  <Include file="Libs\LibDBIcon-1.0\LibDBIcon-1.0\lib.xml"/>
  <Include file="Libs\LibSharedMedia-3.0\lib.xml"/>
  <Include file="Libs\AceGUI-3.0-SharedMediaWidgets\widget.xml"/>
  <Include file="Libs\ChatThrottleLib.lua"/>
</Ui>
